{"loss": [1.6813338791656494, 1.3277281807019161], "accuracy": [0.43963998556137085, 0.533447265625], "val_loss": [1.6824900154113769], "val_accuracy": [0.45100000500679016]}